year;station;eartag;sex;mass;openfield_no;cross
2020;D2-debowa;1;F;22;1;12
2020;D2-debowa;1;F;21,5;2;2
2020;F1-wally;2;M;13;1;1
2020;A6-wally;3;F;15,5;1;11
2020;D8-wally;4;F;26,5;1;30
2020;F3-wally;5;M;31,5;1;11
2020;H4-wally;5;M;35;2;4
2020;H1-wally;5;M;35;3;9
2020;H1-debowa;8;F;21;1;8
2020;C5-debowa;9;M;27;1;9
2020;C2-debowa;12;M;25;1;0
2020;D6-debowa;13;F;38;1;21
2020;B8-debowa;14;F;35;1;7
2020;C9-wally;15;M;23;1;24
2020;F10-wally;15;M;26;2;30
2020;F3-wally;16;M;24;1;6
2020;H3-wally;17;F;27,5;1;18
2020;I1-wally;20;M;46;1;10
2020;I2-wally;22;M;32;1;23
2020;F3-wally;23;F;21;1;14
2020;F3-wally;23;F;21;2;33
2020;G1-wally;24;F;15;1;5
2020;F6-wally;25;M;32;1;11
2020;F5-wally;25;M;36;2;25
2020;F6-wally;25;M;39;3;27
2020;H9-wally;26;F;34;1;21
2020;B1-wally;28;F;28;1;35
2020;B1-wally;28;F;28;2;23
2020;A10-wally;29;F;24;1;12
2020;G1-wally;30;F;19,5;1;9
2020;G10-debowa;35;M;30;1;1
2020;I1-debowa;35;M;34,5;2;5
2020;G3-debowa;35;M;35;3;8
2020;H2-debowa;35;M;30;4;2
2020;C1-debowa;45;F;37,5;1;21
2020;B1-debowa;46;M;32;1;6
2020;J2-debowa;47;M;18,5;1;10
2020;J1-debowa;48;M;26;1;21
2020;E1-debowa;49;F;46;2;0
2020;F7-wally;51;M;17,5;1;10
2020;F4-wally;51;M;26;2;16
2020;F4-wally;51;M;25;3;6
2020;F7-wally;51;M;29;4;19
2020;F6-wally;51;M;34;5;12
2020;H4-wally;52;F;23;1;9
2020;H4-wally;52;F;22;2;24
2020;H4-wally;52;F;26;3;13
2020;G2-wally;52;F;27;4;18
2020;H3-wally;52;F;24;5;20
2020;B6-wally;53;M;16,5;1;7
2020;G8-debowa;56;F;37,5;1;22
2020;I5-wally;57;M;40;1;24
2020;E4-wally;57;M;44;2;40
2020;J4-wally;58;F;29;1;0
2020;G4-wally;59;M;21;1;22
2020;F3-wally;60;M;16;1;6
2020;E5-wally;63;F;22;1;25
2020;D9-wally;73;F;29;1;15
2020;E1-wally;75;M;37;1;36
2020;E8-debowa;76;M;23,5;1;16
2020;I5-debowa;77;M;29;1;18
2020;E7-debowa;78;F;21;1;14
2020;B3-wally;78;F;30;2;20
2020;J6-debowa;79;F;17,5;1;5
2020;I5-debowa;79;F;22;2;16
2020;H5-debowa;79;F;25;3;14
2020;I3-debowa;79;F;27;4;7
2020;H6-debowa;79;F;27;5;6
2020;C2-debowa;81;M;26;1;0
2020;G8-wally;91;F;17;1;11
2020;E6-wally;91;F;21;2;23
2020;G9-debowa;94;F;22;1;27
2020;I3-debowa;96;M;29,5;1;32
2020;H6-debowa;96;M;29;2;27
2020;H7-debowa;97;F;33;1;26
2020;E6-wally;98;F;21,5;1;24
2020;F5-wally;98;F;25;2;21
2020;I2-debowa;99;F;19;1;2
2020;G3-bagno;99;F;22;2;18
2020;C1-wally;101;M;26,5;1;16
2020;F1-karpaty;102;F;23;1;17
2020;G1-karpaty;102;F;23;2;25
2020;C8-karpaty;103;M;21,5;1;23
2020;E8-karpaty;103;M;20;2;25
2020;D3-karpaty;105;M;11,5;1;9
2020;C1-karpaty;105;M;20;2;5
2020;I9-karpaty;108;F;17;1;31
2020;I10-karpaty;108;F;20;2;28
2020;C5-karpaty;108;F;23;3;10
2020;E6-karpaty;108;F;27;4;17
2020;G9-karpaty;108;F;24;5;25
2020;H6-karpaty;108;F;23,5;6;23
2020;H8-karpaty;109;M;21,5;1;17
2020;D5-natura;110;M;23;1;12
2020;B4-natura;111;F;16,5;1;13
2020;C8-natura;112;F;20,5;1;3
2020;F7-karpaty;113;M;22,5;1;31
2020;D7-karpaty;113;M;22;2;32
2020;D5-karpaty;114;F;19;1;32
2020;E4-karpaty;114;F;18;2;12
2020;H10-karpaty;116;M;22;1;23
2020;J6-karpaty;116;M;23;2;30
2020;G10-karpaty;116;M;27;3;24
2020;D8-karpaty;116;M;27;4;34
2020;D8-karpaty;116;M;27,5;5;17
2020;D7-karpaty;117;F;24;1;1
2020;C9-karpaty;117;F;23;2;11
2020;J5-natura;119;M;14;1;4
2020;H6-natura;119;M;24;2;4
2020;H6-natura;119;M;24,5;3;10
2020;F3-natura;121;F;17,5;1;6
2020;F1-karpaty;122;F;32,5;1;21
2020;G1-karpaty;122;F;34,5;2;11
2020;H2-karpaty;122;F;34;3;2
2020;F6-natura;123;M;25;1;6
2020;J2-natura;125;F;15,5;1;1
2020;I4-natura;125;F;26;2;3
2020;I4-natura;125;F;25;3;21
2020;J2-natura;125;F;28;4;1
2020;B8-karpaty;135;M;25;1;25
2020;I7-karpaty;136;M;25,5;1;0
2020;D8-karpaty;136;M;27;2;23
2020;G6-karpaty;136;M;28;3;17
2020;F8-karpaty;136;M;26,5;4;25
2020;B3-karpaty;136;M;29,5;5;31
2020;F8-karpaty;136;M;28;6;38
2020;C2-karpaty;136;M;31,5;7;28
2020;I6-karpaty;136;M;30,5;8;25
2020;E8-karpaty;137;F;26,5;1;19
2020;D7-karpaty;138;M;29,5;1;29
2020;I3-karpaty;139;M;22,5;1;20
2020;H2-karpaty;139;M;20;2;0
2020;F4-karpaty;140;M;21;1;23
2020;B8-karpaty;140;M;20;2;30
2020;D9-debowa;150;F;34;1;12
2020;D9-debowa;150;F;34;2;36
2020;B9-debowa;150;F;36;3;34
2020;A4-natura;155;F;23,5;1;15
2020;C4-natura;155;F;23,5;2;10
2020;A8-natura;156;F;24;1;5
2020;D7-natura;158;F;18;1;25
2020;I6-debowa;161;F;39,5;1;21
2020;I6-debowa;161;F;37,5;2;15
2020;J6-debowa;161;F;36;3;11
2020;I6-debowa;161;F;38;4;3
2020;I7-debowa;161;F;36;5;10
2020;C1-bagno;163;F;35;1;18
2020;F6-natura;166;F;41,5;1;32
2020;F5-debowa;169;F;17,5;1;17
2020;F6-debowa;169;F;22;2;21
2020;F5-debowa;169;F;22;3;15
2020;G6-debowa;169;F;23,5;4;41
2020;D1-natura;170;M;27;1;43
2020;G2-natura;170;M;27;2;32
2020;D3-natura;170;M;29;3;32
2020;D3-natura;170;M;29;4;29
2020;J5-karpaty;173;M;43;1;34
2020;J4-karpaty;174;F;19;1;12
2020;J5-karpaty;174;F;29;2;23
2020;G10 -bagno;176;F;19;1;26
2020;H5-bagno;180;M;23;1;13
2020;H6-bagno;180;M;26;2;16
2020;I5-bagno;180;M;25;3;4
2020;H5-bagno;180;M;28;4;2
2020;I4-bagno;180;M;29;5;1
2020;J3-bagno;180;M;28,5;6;2
2020;J5-bagno;180;M;30;7;12
2020;A1-natura;181;F;21;1;10
2020;B3-natura;181;F;20;2;16
2020;A5-natura;182;M;21;1;9
2020;D3-natura;183;F;15,5;1;24
2020;F2-natura;183;F;16;2;26
2020;F1-natura;183;F;19;3;19
2020;A6-natura;184;F;34;1;38
2020;A2-natura;185;M;19,5;1;9
2020;A3-natura;186;M;21;1;0
2020;C1-natura;188;F;17,5;1;21
2020;E3-natura;188;F;20,5;2;27
2020;G1-natura;188;F;20;3;28
2020;F2-natura;188;F;22;4;21
2020;D3-natura;188;F;22;5;39
2020;E1-natura;189;F;17;1;13
2020;D6-natura;190;M;25;1;32
2020;B9-natura;194;M;52;1;2
2020;C3-karpaty;195;F;11;1;0
2020;B5-karpaty;196;F;21;1;15
2020;J2-karpaty;197;M;20;1;0
2020;J1-karpaty;197;M;21;2;0
2020;H6-natura;198;M;43,5;1;29
2020;J2-natura;198;M;45;2;2
2020;H2-natura;198;M;45;3;18
2020;H3-natura;198;M;44,5;4;6
2020;G5-natura;198;M;45;5;12
2020;I7-natura;198;M;47;6;5
2020;C9-karpaty;200;M;20;1;27
2020;B4-karpaty;200;M;22;2;17
2020;B8-karpaty;200;M;22;3;16
2020;B5-karpaty;200;M;21,5;4;7
2020;I2-natura;209;F;39;1;35
2020;G2-natura;216;M;20;1;22
2020;G1-natura;216;M;22;2;18
2020;E1-natura;216;M;23;3;6
2020;J6-natura;222;M;21,5;1;5
2020;J8-natura;222;M;20,5;2;17
2020;C9-karpaty;227;M;45;1;27
2020;C7-trojkat;228;M;13;1;7
2020;E2-trojkat;230;M;16;1;24
2020;D3-trojkat;230;M;16,5;2;18
2020;D4-trojkat;230;M;16;3;13
2020;E2-trojkat;230;M;20,5;4;20
2020;F2-trojkat;230;M;24;5;10
2020;J2-trojkat;230;M;24;6;8
2020;I1-trojkat;230;M;31;7;14
2020;C1-trojkat;231;M;23,5;1;1
2020;B4-trojkat;231;M;23;2;1
2020;C4-trojkat;231;M;24;3;0
2020;G4-trojkat;231;M;22,5;4;0
2020;B1-trojkat;231;M;28;5;0
2020;C4-trojkat;231;M;27;6;0
2020;C4-trojkat;231;M;27;7;0
2020;E1-trojkat;231;M;25,5;9;7
2020;D3-trojkat;232;F;33;1;20
2020;B5-trojkat;233;M;24;1;15
2020;D3-trojkat;233;M;22;2;22
2020;H6-trojkat;233;M;25;3;24
2020;G4-trojkat;233;M;31;4;8
2020;E4-trojkat;233;M;28;5;24
2020;E2-trojkat;233;M;27;6;12
2020;C4-trojkat;234;F;17;1;17
2020;C4-trojkat;234;F;17;2;6
2020;E2-trojkat;234;F;16,5;3;8
2020;I4-trojkat;235;M;14;1;24
2020;F5-trojkat;239;M;20;1;11
2020;D4-trojkat;239;M;20;2;7
2020;J10-trojkat;241;M;45;1;22
2020;A6-trojkat;242;F;24;1;22
2020;F1-trojkat;243;M;22;1;28
2020;H6-bagno;246;F;24;1;14
2020;B5-trojkat;251;F;39;1;3
2020;A3-trojkat;251;F;39;2;22
2020;C4-trojkat;251;F;36;3;11
2020;D3-bagno;253;F;39;1;31
2020;D2-bagno;255;M;46;1;2
2020;C4-bagno;256;M;26;1;26
2020;D6-bagno;256;M;30,5;2;24
2020;C6-bagno;256;M;30;3;29
2020;C5-bagno;256;M;31;4;10
2020;E6-bagno;256;M;31;5;9
2020;C8-bagno;256;M;35;6;11
2020;B6-bagno;256;M;36;7;10
2020;I7-bagno;258;M;29;1;8
2020;E5-bagno;259;F;16;1;8
2020;J1-bagno;260;M;43;1;22
2020;H3-bagno;260;M;44;2;15
2020;J4-bagno;260;M;46;3;11
2020;H2-bagno;260;M;41;4;23
2020;I4-bagno;260;M;43;5;2
2020;I5-bagno;260;M;42;6;5
2020;I5-bagno;260;M;41,5;7;13
2020;A7-bagno;262;M;22;1;23
2020;B8-bagno;262;M;25;2;19
2020;A8-bagno;262;M;25;3;29
2020;E3-bagno;262;M;28;4;20
2020;B7-bagno;262;M;31,5;5;7
2020;C10-bagno;262;M;33;6;6
2020;C2-bagno;263;F;34;1;18
2020;C2-bagno;263;F;34,5;2;11
2020;C1-bagno;268;F;19,5;1;10
2020;B10-bagno;271;F;37;1;36
2020;B9-bagno;271;F;39;2;21
2020;A9-bagno;271;F;34,5;3;24
2020;B5-bagno;276;F;25;1;49
2020;C4-bagno;276;F;22;2;13
2020;A2-bagno;279;M;20,5;1;0
2020;H9-bagno;283;M;27;1;9
2020;I7-bagno;283;M;30,5;2;12
2020;F8-trojkat;301;M;12;1;12
2020;J10-trojkat;302;F;30;1;11
2020;J7-trojkat;303;M;11;1;5
2020;G2-trojkat;304;M;39;1;22
2020;D8-trojkat;306;F;14;1;11
2020;D7-trojkat;306;F;14;2;15
2020;A2-trojkat;308;M;12;1;6
2020;B3-trojkat;308;M;17;2;9
2020;C1-trojkat;308;M;16;3;20
2020;C1-trojkat;308;M;17;4;22
2020;C4-trojkat;308;M;29;5;20
2020;B10-trojkat;309;F;16;1;26
2020;C10-bagno;311;F;13;1;6
2020;D3-bagno;312;M;21;1;9
2020;I2-bagno;313;M;22;1;19
2020;H1-bagno;313;M;23;2;11
2020;I5-bagno;314;M;25;1;29
2020;I5-bagno;314;M;24;2;19
2020;I9-bagno;315;M;15;1;15
2020;J7-bagno;316;M;27;1;0
2020;J8-bagno;317;M;28;1;19
2020;A4-bagno;318;M;45;1;11
2020;A4-bagno;318;M;45;2;24
2020;A3-bagno;318;M;44;3;15
2020;A6-bagno;318;M;51;4;13
2020;C5-bagno;320;F;19;1;7
2020;A1-bagno;322;M;42;1;21
2020;G7-trojkat;323;F;13;1;17
2020;A8-trojkat;325;M;21;1;18
2020;J4-debowa;332;F;21;1;21
2020;I4-debowa;332;F;19;2;24
2020;I5-debowa;332;F;20,5;3;23
2020;I5-debowa;332;F;25;4;10
2020;C3-wally;333;F;31;1;23
2020;A4-debowa;334;M;20;1;20
2020;A4-debowa;334;M;18;2;11
2020;E10-debowa;337;F;22;1;17
2020;E10-debowa;337;F;24;2;20
2020;F10-debowa;337;F;24;3;6
2020;J8-debowa;338;F;11;1;11
2020;I10-debowa;339;M;35;1;10
2020;D6-wally;340;M;22;1;13
2020;B9-wally;340;M;29;2;21
2020;D2-wally;342;F;21;1;22
2020;D6-debowa;348;F;12;1;21
2020;C5-debowa;348;F;12,5;2;21
2020;D4-debowa;349;M;20;1;12
2020;A2-debowa;350;M;29;1;30
2020;J7-trojkat;351;M;16;1;7
2020;G2-debowa;354;M;26,5;1;13
2020;F1-debowa;356;M;19;1;10
2020;F2-debowa;356;M;19,5;2;20
2020;H9-debowa;358;F;19,5;1;10
2020;H8-debowa;358;F;19;2;24
2020;I10-debowa;358;F;22;3;18
2020;I7-debowa;359;F;22;1;13
2020;H9-debowa;359;F;21;2;20
2020;I7-debowa;359;F;21;3;19
2020;F8-debowa;359;F;21;4;16
2020;G7-debowa;359;F;24;5;10
2020;F8-debowa;359;F;25;6;12
2020;I1-debowa;360;M;44;1;33
2020;G3-debowa;364;M;6,5;1;0
2020;I6-debowa;366;M;23;1;29
2020;J3-debowa;366;M;25;2;25
2020;I3-debowa;366;M;29;3;9
2020;G10-debowa;367;M;25;1;30
2020;I7-wally;370;F;20;1;11
2020;C1-trojkat;376;M;16;1;6
2020;B4-trojkat;376;M;15,5;2;13
2020;E5-bagno;378;M;21;1;5
2020;C9-bagno;379;F;10;1;0
2020;E5-bagno;379;F;12,5;2;13
2020;E10-bagno;379;F;19;3;8
2020;H9-bagno;379;F;19;4;10
2020;F1-debowa;384;M;19;1;23
2020;E2-debowa;384;M;29,5;2;21
2020;A8-debowa;389;M;25;1;17
2020;C4-debowa;390;M;20;1;6
2020;C4-debowa;390;M;19;2;22
2020;A10-debowa;391;M;51;1;16
2020;E6-wally;393;M;23,5;1;21
2020;I10-wally;395;M;29;1;26
2020;H5-wally;395;M;29;2;17
2020;D6-debowa;401;M;14;1;7
2020;B4-debowa;402;F;19;1;14
2020;C4-debowa;402;F;19;2;18
2020;C4-debowa;402;F;23,5;3;11
2020;B4-debowa;402;F;23,5;4;17
2020;E9-debowa;403;M;27;1;7
2020;E10-debowa;404;M;29,5;1;10
2020;D9-debowa;404;M;38;2;26
2020;C9-debowa;404;M;47;3;21
2020;C10-debowa;405;M;11;1;22
2020;B1-debowa;412;M;22;1;15
2020;A10-debowa;413;M;35;1;22
2020;A10-debowa;413;M;35;2;25
2020;C6-wally;414;F;33;1;24
2020;B6-wally;414;F;27;2;20
2020;C7-wally;414;F;30,5;3;13
2020;A8-wally;414;F;31;4;6
2020;C2-wally;415;M;11;1;1
2020;D7-wally;417;F;18;1;13
2020;D2-wally;418;M;18;1;31
2020;D7-wally;419;F;18,5;1;15
2020;B7-wally;419;F;18,5;2;9
2020;D2-wally;420;M;30;1;13
2020;A10-wally;421;F;19;1;14
2020;C3-wally;422;F;33;1;17
2020;G2-wally;422;F;23,5;2;22
2020;I3-wally;426;F;19;1;23
2020;I7-wally;427;F;21;1;18
2020;I9-wally;427;F;23;2;10
2020;F4-debowa;429;M;44;1;33
2020;I7-wally;432;F;34;1;27
2020;H9-wally;432;F;34;2;21
2020;A6-natura;434;F;17,5;1;0
2020;A6-natura;434;F;16,5;2;22
2020;B6-natura;434;F;18;3;21
2020;A6-natura;434;F;19;4;22
2020;E6-debowa;435;F;38;1;17
2020;H5-debowa;435;F;39;2;22
2020;F5-debowa;435;F;31;3;8
2020;H5-debowa;435;F;31,5;4;9
2020;J5-wally;440;F;20;1;17
2020;G2-wally;442;F;21;1;25
2020;G2-wally;442;F;20;2;24
2020;H2-wally;442;F;25;3;14
2020;F2-wally;442;F;26,5;4;23
2020;I2-wally;446;M;33;1;7
2020;J4-wally;446;M;32;2;3
2020;H8-wally;449;M;19,5;1;21
2020;J7-wally;450;M;16,5;1;0
2020;B8-natura;461;F;17,5;1;11
2020;C9-natura;461;F;20;2;14
2020;E8-natura;463;M;26;1;26
2020;D9-natura;463;M;25;2;42
2020;J7-natura;465;M;22;1;24
2020;F7-natura;465;M;22;2;39
2020;H10-natura;465;M;22,5;3;37
2020;E10-natura;465;M;25;4;27
2020;C9-natura;468;F;19;1;12
2020;J6-natura;470;M;21;1;29
2020;D5-natura;473;F;11;1;13
2020;A3-natura;475;F;12,5;1;0
2020;A3-natura;475;F;12,5;2;3
2020;C3-natura;475;F;17;3;0
2020;C3-natura;475;F;17;4;1
2020;A3-natura;475;F;20;5;0
2020;A4-natura;475;F;19;6;0
2020;B1-wally;476;M;41;1;20
2020;B5-karpaty;478;M;18;1;6
2020;B5-karpaty;478;M;18;2;18
2020;G1-karpaty;479;F;22,5;1;3
2020;C10-natura;482;M;28,5;1;16
2020;D3-natura;483;M;38;1;9
2020;C4-natura;484;M;12;1;7
2020;F5-natura;484;M;20;2;4
2020;E3-natura;484;M;23;3;15
2020;G7-bagno;485;F;16,5;1;17
2020;H8-bagno;485;F;17;2;7
2020;I6-bagno;485;F;22;3;16
2020;H7-bagno;485;F;23;4;21
2020;G5-bagno;486;M;17;1;6
2020;H6-bagno;486;M;17;2;1
2020;G8-bagno;486;M;19,5;3;0
2020;H8-bagno;486;M;26;4;0
2020;F7-bagno;486;M;26;6;0
2020;F10-bagno;487;F;16;1;12
2020;B3-bagno;487;F;21;2;13
2020;D8-bagno;487;F;20;3;2
2020;E1-bagno;487;F;20;4;10
2020;A5-natura;492;M;23,5;1;0
2020;B4-natura;492;M;23,5;2;0
2020;A9-natura;493;M;8;1;0
2020;D8-natura;494;F;10,5;1;5
2020;C5-natura;495;M;19;1;18
2020;B6-natura;495;M;29,5;2;16
2020;A5-natura;496;F;18;1;16
2020;B8-natura;496;F;21;2;24
2020;A9-natura;496;F;20;3;17
2020;J2-natura;497;M;26,5;1;15
2020;I1-natura;497;M;34;2;8
2020;I1-natura;497;M;37;3;8
2020;B8-natura;498;F;8;1;5
2020;A9-natura;498;F;14;2;5
2020;A8-natura;498;F;14;3;1
2020;A8-natura;498;F;27;4;3
2020;A8-natura;498;F;17;5;0
2020;A6-natura;498;F;20;6;0
2020;A7-natura;498;F;19;7;6
2020;E4-natura;499;M;11;1;0
2020;D4-natura;499;M;19,5;2;13
2020;C3-natura;499;M;22;3;21
2020;D8-natura;500;F;18;1;24
2020;D8-natura;500;F;17;2;28
2020;C10-natura;500;F;18;3;28
2020;D8-natura;500;F;18;4;17
2020;F7-natura;500;F;20,5;5;46
2020;D8-natura;500;F;21;6;32
2020;C8-natura;500;F;22;7;25
2020;A8-natura;500;F;22,5;8;29
2020;G1-karpaty;501;F;38;1;21
2020;E6-natura;502;F;17;1;26
2020;J6-natura;508;F;13;1;18
2020;D6-natura;511;M;20;1;26
2020;C4-natura;511;M;24,5;2;25
2020;I2-natura;513;F;23;1;12
2020;J1-natura;513;F;24;2;22
2020;H1-natura;513;F;24;3;7
2020;I2-natura;514;F;38;1;24
2020;J1-natura;514;F;36;2;15
2020;A2-natura;520;M;19;1;16
2020;A1-natura;520;M;23;2;18
2020;A1-bagno;535;M;40;1;1
2020;A3-bagno;535;M;40,5;2;4
2020;A4-bagno;535;M;41;3;5
2020;E1-bagno;536;F;21;1;13
2020;G2-bagno;536;F;22;2;12
2020;D8-trojkat;538;F;9;1;0
2020;C9-trojkat;541;F;11,5;1;0
2020;C6-trojkat;541;F;12;2;9
2020;C10-trojkat;541;F;21,5;3;4
2020;I5-trojkat;541;F;21,5;4;5
2020;G1-karpaty;551;F;38;1;3
2020;F8-karpaty;552;F;19;1;6
2020;G9-karpaty;553;F;21;1;10
2020;A4-trojkat;557;F;18;1;11
2020;B3-trojkat;557;F;18;2;4
2020;A4-trojkat;557;F;18;3;4
2020;A5-trojkat;557;F;20;4;2
2020;B5-trojkat;557;F;25,5;5;0
2020;A2-trojkat;558;F;16;1;0
2020;B3-trojkat;558;F;15,5;2;11
2020;A6-bagno;563;F;35;1;2
2020;C3-wally;563;F;30;2;1
2020;A4-bagno;564;M;23;1;0
2020;C2-bagno;569;M;25;1;17
2020;D2-bagno;569;M;25;2;0
2020;E10-bagno;570;F;17;1;16
2020;E10-bagno;571;F;13;1;17
2020;E9-bagno;571;F;16;2;14
2020;B10-bagno;571;F;20;3;21
2020;A8-bagno;572;M;23;1;8
2020;B8-bagno;572;M;23;2;14
2020;B10-bagno;572;M;30;3;9
2020;B8-bagno;572;M;31,5;4;1
2020;D10-bagno;573;M;27;1;25
2020;D9-bagno;573;M;27;2;19
2020;D9-bagno;573;M;24;3;21
2020;E10-bagno;573;M;25;4;16
2020;C5-bagno;574;F;18;1;19
2020;C7-bagno;574;F;18,5;2;18
2020;E7-bagno;575;F;16,5;1;0
2020;G7-bagno;575;F;21;2;3
2020;G4-trojkat;576;F;16;1;14
2020;G4-trojkat;576;F;16,5;2;18
2020;G4-trojkat;576;F;15;3;3
2020;F3-trojkat;576;F;19,5;4;9
2020;H3-trojkat;576;F;22;5;1
2020;J2-trojkat;576;F;21;6;8
2020;F3-trojkat;576;F;23,5;7;3
2020;J10-bagno;577;M;20,5;1;22
2020;J10-bagno;577;M;25;2;11
2020;I10-bagno;577;M;28;3;12
2020;I10-bagno;577;M;28;4;28
2020;C8-trojkat;578;F;20;1;22
2020;I6-bagno;580;F;17;1;7
2020;I9-bagno;580;F;17;2;8
2020;J7-bagno;581;F;25;1;21
2020;J6-bagno;581;F;25;2;13
2020;J6-bagno;581;F;23,5;3;6
2020;F9-bagno;581;F;29;4;4
2020;J5-bagno;582;M;22;1;9
2020;J6-bagno;582;M;24;2;14
2020;G2-trojkat;583;M;23,5;1;5
2020;F1-trojkat;583;M;31;2;4
2020;I6-bagno;584;M;24;1;35
2020;J10-trojkat;585;M;31;1;9
2020;J10-trojkat;585;M;36;2;4
2020;H9-debowa;587;F;24;1;20
2020;A9-debowa;588;F;21,5;1;9
2020;J8-debowa;590;F;25;1;13
2020;G2-debowa;593;F;13;1;23
2020;G2-debowa;593;F;13,5;2;22
2020;E3-debowa;593;F;17;3;16
2020;H3-debowa;593;F;17;4;6
2020;C3-wally;594;M;22,5;1;16
2020;B1-wally;594;M;27;2;17
2020;H4-debowa;595;F;17;1;0
2020;H3-debowa;595;F;19,5;2;9
2020;C4-wally;596;F;21;1;13
2020;A10-wally;596;F;24;2;22
2020;B9-wally;596;F;25;3;16
2020;B3-debowa;599;F;32;1;20
2020;B1-debowa;599;F;31;2;10
2020;D3-debowa;599;F;33;3;13
2020;I6-debowa;600;M;18;1;0
2020;C3-wally;608;M;27;1;1
2020;E1-wally;609;F;28;1;0
2020;D1-wally;610;M;15;1;0
2020;D1-wally;610;M;21;2;10
2020;B1-wally;611;M;19;1;0
2020;D8-wally;614;M;22;1;15
2020;B5-debowa;618;M;48;1;27
2020;C4-debowa;618;M;46;2;24
2020;B5-debowa;618;M;46,5;3;21
2020;A5-debowa;618;M;48;4;12
2020;A4-debowa;619;F;36;1;17
2020;F1-wally;620;M;28;1;1
2020;F9-wally;621;M;20,5;1;18
2020;E10-wally;621;M;24,5;2;29
2020;D9-wally;621;M;24;3;22
2020;G10-wally;622;M;20,5;1;13
2020;D9-wally;622;M;24,5;2;16
2020;F8-wally;623;M;18;1;4
2020;E9-wally;623;M;24;2;11
2020;F8-wally;623;M;28;3;19
2020;D1-natura;624;F;35;1;18
2020;D2-natura;624;F;35;2;20
2020;D2-natura;624;F;34;3;17
2020;E2-natura;624;F;33;4;11
2020;D6-debowa;628;M;20;1;25
2020;G5-debowa;628;M;27;2;12
2020;F5-debowa;628;M;32;3;25
2020;E5-debowa;629;M;14,5;1;23
2020;E3-debowa;629;M;20;2;31
2020;H2-debowa;629;M;20;3;30
2020;C7-debowa;630;M;29;1;21
2020;G7-debowa;632;M;14;1;15
2020;H3-debowa;632;M;19;2;25
2020;G4-debowa;632;M;22;3;26
2020;E8-wally;634;M;20;1;18
2020;G9-wally;634;M;27;2;15
2020;F10-wally;634;M;25;3;7
2020;H5-wally;635;F;23;1;19
2020;H5-wally;635;F;22;2;22
2020;G3-debowa;637;F;16,5;1;11
2020;G3-debowa;637;F;15,5;2;0
2020;C5-debowa;646;M;30;1;16
2020;E10-debowa;646;M;32,5;2;10
2020;C7-debowa;646;M;31,5;3;15
2020;F7-debowa;646;M;33;4;18
2020;A2-debowa;647;F;14;1;21
2020;B2-debowa;647;F;13;2;19
2020;E2-debowa;647;F;16,5;3;21
2020;E3-debowa;647;F;17,5;4;15
2020;J10-bagno;648;M;20,5;1;8
2020;G10-trojkat;657;F;32;1;21
2020;G10-trojkat;657;F;29,5;2;4
2020;F9-trojkat;657;F;29;3;16
2020;H8-trojkat;657;F;33;4;23
2020;J5-trojkat;657;F;32;5;11
2020;J4-trojkat;657;F;33;6;24
2020;H5-trojkat;657;F;32;7;16
2020;J4-trojkat;657;F;29;8;16
2020;B1-debowa;665;M;29;1;16
2020;E2-debowa;665;M;30;2;8
2020;C1-debowa;665;M;33;3;4
2020;I6-bagno;668;M;27;1;13
2020;I9-wally;677;F;20;1;23
2020;E10-debowa;681;M;17;1;8
2020;D10-debowa;681;M;22,5;2;27
2020;D10-debowa;681;M;24;3;23
2020;E10-debowa;681;M;18;4;1
2020;D4-debowa;682;M;15;1;15
2020;A1-debowa;683;F;25,5;1;3
2020;B1-debowa;684;F;9;1;0
2020;A1-debowa;684;M;14;2;27
2020;C8-debowa;686;F;22;1;7
2020;A10-debowa;686;F;27;2;32
2020;A2-debowa;687;M;15;1;15
2020;B7-debowa;688;M;31,5;1;16
2020;C8-debowa;688;M;35;2;7
2020;B5-debowa;688;M;33;3;9
2020;A7-debowa;689;F;20;1;19
2020;B7-debowa;689;F;22;2;36
2020;C7-debowa;689;F;25,5;3;22
2020;H4-wally;690;M;46;1;22
2020;I2-wally;690;M;45;2;33
2020;G2-wally;690;M;44;3;27
2020;J6-wally;693;M;28;1;20
2020;G3-wally;697;M;30;1;27
2020;G2-wally;697;M;35,5;2;25
2020;G1-wally;697;M;33;3;19
2020;I4-debowa;700;M;22;1;26
2020;G7-wally;708;M;24;1;37
2020;I1-wally;709;F;15;1;14
2020;I1-wally;709;F;18;2;21
2020;B5-wally;713;M;31;1;34
2020;F10-wally;718;M;19,5;1;33
2020;F9-wally;719;M;17;1;23
2020;D9-wally;719;M;24;2;19
2020;J7-wally;720;F;21;1;16
2020;J6-wally;720;F;25;2;19
2020;A3-debowa;723;M;33,5;1;14
2020;A4-debowa;723;M;32,5;2;18
2020;A3-debowa;723;M;33;3;8
2020;F7-natura;727;F;32;1;21
2020;J7-natura;727;F;31,5;2;27
2020;F10-natura;729;F;15,5;1;11
2020;E7-natura;729;F;17;2;29
2020;F7-natura;729;F;16;3;35
2020;H6-karpaty;736;F;23;1;8
2020;I4-karpaty;736;F;24,5;2;20
2020;I5-karpaty;736;F;24,5;3;24
2020;G9-natura;737;F;18;1;30
2020;H9-natura;737;F;18;2;49
2020;C8-natura;737;F;20,5;3;38
2020;D5-natura;739;M;23;1;4
2020;E5-natura;739;M;23;2;17
2020;A2-natura;739;M;24,5;3;11
2020;G8-natura;739;M;29;4;4
2020;E7-natura;739;M;31;5;23
2020;C9-natura;742;M;22;1;13
2020;A6-trojkat;743;M;18,5;1;11
2020;A6-trojkat;743;M;18;2;30
2020;A6-trojkat;743;M;18;3;12
2020;B6-trojkat;743;M;24,5;4;10
2020;A6-trojkat;743;M;27;5;4
2020;B6-trojkat;743;M;26;6;8
2020;B1-bagno;745;M;21;1;23
2020;A2-bagno;745;M;26;2;26
2020;A5-bagno;746;M;13;1;11
2020;B6-bagno;746;M;13,5;2;7
2020;B5-bagno;746;M;19;3;12
2020;B5-bagno;746;M;17;4;3
2020;C6-bagno;746;M;23;5;1
2020;C8-bagno;746;M;23;6;0
2020;B8-bagno;747;F;34;1;11
2020;B7-bagno;747;F;29;2;36
2020;B6-trojkat;748;F;20,5;1;15
2020;B8-trojkat;748;F;20;2;11
2020;B6-trojkat;748;F;23,5;3;13
2020;B7-trojkat;748;F;20;4;18
2020;G10-natura;749;M;16,5;1;11
2020;G10-natura;749;M;21,5;2;13
2020;H3-natura;750;F;12,5;1;16
2020;H5-natura;750;F;16;2;4
2020;H5-natura;750;F;15,5;3;7
2020;G9-natura;750;F;20,5;4;2
2020;A8-bagno;762;F;15,5;1;10
2020;A7-bagno;762;F;18;2;21
2020;A9-natura;770;F;19;1;21
2020;D10-wally;780;M;30,5;1;24
2020;E9-wally;781;M;16;1;27
2020;D6-wally;782;M;25;1;15
2020;J8-debowa;788;F;22;1;2
2020;G9-debowa;788;F;25;2;2
2020;G7-debowa;788;F;25,5;3;15
2020;H10-debowa;789;M;33,5;1;7
2020;J9-debowa;789;M;37,5;2;11
2020;G8-debowa;790;M;32;2;21
2020;G8-debowa;790;M;38;3;1
2020;C4-wally;791;F;26;1;6
2020;G5-wally;795;F;20;1;21
2020;F3-wally;795;F;20,5;2;29
2020;F5-wally;796;F;31;1;33
2020;F5-wally;796;F;31,5;2;16
2020;I4-wally;797;F;42;1;1
2020;E4-wally;798;F;22,5;1;27
2020;G5-wally;798;F;26;2;22
2020;E5-wally;798;F;25;3;29
2020;F3-wally;798;F;27,5;4;11
2020;F5-wally;800;F;24,5;1;15
2020;A2-bagno;805;F;19;1;1
2020;B2-bagno;805;F;23;2;1
2020;D1-bagno;805;F;24;3;9
2020;H8-wally;810;M;29,5;1;30
2020;J7-wally;811;M;31;1;10
2020;A5-wally;813;F;20,5;1;19
2020;F2-debowa;815;M;42;1;5
2020;F7-debowa;816;M;13;1;5
2020;H4-debowa;826;F;22;1;23
2020;G1-debowa;826;F;25;2;12
2020;F6-debowa;826;F;25;3;14
2020;G5-debowa;826;F;26;4;15
2020;B2-wally;827;F;19;1;1
2020;A1-wally;827;F;21;2;14
2020;A1-wally;827;F;21;3;16
2020;B9-wally;828;F;34;1;7
2020;A8-wally;829;M;16,5;1;26
2020;C1-debowa;834;F;36,5;1;31
2020;I7-debowa;835;F;19;1;14
2020;I6-debowa;836;F;22;1;18
2020;B9-wally;839;F;37;1;19
2020;G10-wally;839;F;38,5;2;22
2020;C9-wally;840;M;48;1;4
2020;G1-natura;842;F;25;1;24
2020;J2-natura;842;F;26,5;2;30
2020;F5-natura;843;M;20,5;1;17
2020;E6-natura;843;M;20;2;27
2020;E5-natura;843;M;25;3;15
2020;D4-natura;843;M;23;4;28
2020;I2-karpaty;844;M;41;1;27
2020;J1-natura;845;M;53,5;1;9
2020;I2-natura;845;M;52;2;3
2020;J2-natura;845;M;50;3;0
2020;H1-natura;845;M;51;4;6
2020;H2-natura;845;M;51;5;1
2020;J1-natura;846;F;24;1;20
2020;J1-natura;846;F;23,5;2;26
2020;J2-natura;846;F;26;3;24
2020;I5-natura;846;F;28;4;11
2020;J8-bagno;852;M;15;1;12
2020;J7-bagno;852;M;16;2;4
2020;J8-bagno;852;M;25;3;2
2020;H7-bagno;852;M;24;4;2
2020;G6-bagno;852;M;28;5;10
2020;G6-trojkat;870;F;22;1;19
2020;G5-wally;873;F;23;1;19
2020;I6-wally;873;F;22;2;30
2020;H10-wally;874;M;30;1;6
2020;E1-debowa;887;F;9;1;7
2020;J7-natura;888;F;18,5;1;8
2020;G6-natura;888;F;19,5;2;17
2020;G4-wally;889;M;27;1;23
2020;J8-wally;890;M;34;1;14
2020;H1-karpaty;891;F;21,5;1;20
2020;J10-karpaty;892;M;36,5;1;28
2020;H9-karpaty;892;M;35;2;25
2020;I9-karpaty;892;M;36,5;3;21
2020;I8-karpaty;892;M;39;4;11
2020;B7-karpaty;893;M;45;1;28
2020;A6-karpaty;893;M;49;2;25
2020;A10-karpaty;893;M;46;3;23
2020;G4-natura;894;F;11;1;12
2020;G4-natura;895;M;12,5;1;14
2020;I7-natura;895;M;18;2;28
2020;I7-natura;895;M;22,5;3;23
2020;J10-karpaty;897;M;24,5;1;15
2020;I8-karpaty;897;M;24;2;7
2020;J8-karpaty;898;M;28;1;0
2020;J6-karpaty;898;M;28,5;2;18
2020;H1-karpaty;899;M;9,5;1;2
2020;G1-karpaty;900;M;33,5;1;27
2020;G2-karpaty;900;M;31,5;2;14
2020;A8-debowa;932;M;56,5;1;10
2020;A8-debowa;932;M;54,5;2;20
2020;E6-debowa;933;M;13;1;15
2020;A2-wally;934;M;29;1;15
2020;A2-wally;934;M;33;2;8
2020;B4-wally;935;M;17;1;18
2020;B3-wally;935;M;22,5;2;14
2020;C6-wally;936;F;20;1;19
2020;A10-wally;936;F;22,5;2;13
2020;E9-wally;937;F;21;1;5
2020;B5-wally;938;M;23;1;15
2020;C3-wally;939;M;16,5;1;7
2020;B3-wally;939;M;22;2;21
2020;A4-wally;939;M;21;3;14
2020;C1-wally;940;M;24,5;1;14
2020;D1-wally;940;M;26;2;22
2020;A10-debowa;941;M;25,5;1;12
2020;A1-wally;942;M;27;1;9
2020;C2-wally;943;M;22,5;1;12
2020;C2-wally;943;M;23;2;19
2020;A3-wally;944;M;18;1;19
2020;B10-wally;954;M;21;1;5
2020;C6-wally;955;M;21;1;23
2020;D4-wally;955;M;23;2;21
2020;C6-wally;955;M;29,5;3;19
2020;C7-debowa;956;M;12,5;1;14
2020;A1-debowa;957;M;42;1;16
2020;C3-debowa;963;M;16;1;11
2020;C3-debowa;963;M;21;2;12
2020;C1-debowa;964;F;14;1;0
2020;D5-debowa;965;M;11;1;14
2020;J10-bagno;966;F;35;1;19
2020;J9-bagno;966;F;34;2;23
2020;G9-bagno;966;F;31,5;3;25
2020;H7-bagno;966;F;34;4;12
2020;G9-trojkat;967;M;26;1;33
2020;F3 -bagno;971;M;23;1;19
2020;D3-trojkat;971;F;24;2;3
2020;J2-bagno;971;M;24;3;0
2020;J10-trojkat;972;F;18;1;17
2020;J10-bagno;973;M;24;1;21
2020;J10-bagno;973;M;29;2;18
2020;A1-bagno;974;M;26;1;18
2020;D2-bagno;974;M;26;2;6
2020;B8-karpaty;978;M;29;1;10
2020;E8-karpaty;978;M;26;2;14
2020;D9-karpaty;978;M;29;3;14
2020;E8-natura;979;F;16;1;15
2020;C5-karpaty;980;F;24,5;1;15
2020;E9-karpaty;982;M;20;1;8
2020;C5-karpaty;982;M;24;2;15
2020;C2-karpaty;985;M;9,5;1;0
2020;B1-karpaty;985;M;18;2;8
2020;A2-natura;986;M;48;1;9
2020;A3-natura;986;M;48;2;12
2020;A3-natura;986;M;46;3;7
2020;A5-natura;987;F;30;1;21
2020;C1-natura;988;F;20;1;12
2020;C4-natura;988;F;22;2;15
2020;B3-natura;989;F;20;1;13
2020;C4-natura;989;F;20;2;12
2020;A3-natura;990;F;19;1;2
2020;A6-natura;990;F;22;2;10
2020;D8-bagno;991;F;20;1;11
2020;E5-bagno;991;F;19;2;4
2020;C10-trojkat;995;F;30;1;10
2020;F10-trojkat;995;F;36;2;12
2020;G8-trojkat;995;F;39;3;13
2020;H10-bagno;995;F;31;4;26
2020;H10-trojkat;995;F;30,5;5;25
2020;E2-trojkat;996;F;18;1;16
2020;E2-trojkat;996;F;19;2;7
2020;E1-trojkat;996;F;19;3;15
2020;I2-bagno;996;F;35,5;4;0
2020;A4-trojkat;996;F;24;5;4
2020;I1-bagno;996;F;35;6;1
2020;I1-bagno;996;F;40;7;0
2020;H1-bagno;996;F;43,5;8;2
2020;F10-wally;1000;M;25,5;1;12
2020;D7-wally;1000;M;25,5;2;19
2020;H1-wally;2001;F;23;1;7
2020;J8-wally;2002;F;27;1;0
2020;I4-debowa;2003;M;25;1;6
2020;A4-karpaty;2008;F;22;1;24
2020;A7-karpaty;2008;F;18;2;22
2020;A6-karpaty;2009;F;39;1;31
2020;A5-karpaty;2009;F;37;2;19
2020;B7-karpaty;2009;F;36;3;22
2020;B7-karpaty;2009;F;34;4;10
2020;A7-karpaty;2009;F;35,5;5;8
2020;A4-karpaty;2009;F;35,5;6;11
2020;A8-karpaty;2009;F;37;7;4
2020;C8-karpaty;2010;M;39;1;14
2020;C10-natura;2012;F;21;1;20
2020;D1-karpaty;2013;F;24;1;0
2020;E1-natura;2017;F;14,5;1;1
2020;A8-natura;2018;M;24;1;9
2020;J9-trojkat;2019;M;29;1;13
2020;J7-trojkat;2019;M;28;2;9
2020;A8-karpaty;2020;F;18;1;2
2020;F10-trojkat;2021;F;20;1;17
2020;C1-karpaty;2023;F;17;1;6
2020;A1-natura;2024;F;14,5;1;1
2020;C5-natura;2024;F;20;2;21
2020;C8-karpaty;2025;F;13;1;4
2020;E5-wally;2026;F;20,5;1;29
2020;C7-debowa;2027;F;24;1;13
2020;E10-debowa;2028;M;26;1;15
2020;I5-karpaty;2031;M;32;1;0
2020;J2-natura;2032;M;17;1;6
2020;I3-natura;2032;M;16;2;11
2020;J4-natura;2033;M;16;1;32
2020;J4-natura;2033;M;16;2;23
2020;I6-natura;2034;M;17,5;1;11
2020;J7-natura;2034;M;18;2;13
2020;J10-natura;2035;F;35;1;12
2020;J10-natura;2035;F;34,5;2;18
2020;G5-natura;2036;F;20;1;11
2020;E3-natura;2036;F;20;2;2
2020;J4-natura;2037;M;22;1;19
2020;I4-natura;2037;M;25;2;25
2020;I4-natura;2037;M;24,5;3;26
2020;I4-natura;2037;M;27,5;4;23
2020;I4-natura;2037;M;27;5;8
2020;H9-bagno;2043;F;35;1;0
2020;J10-bagno;2044;M;19;1;5
2020;J9-bagno;2044;M;18,5;2;6
2020;B10-trojkat;2045;F;27;1;17
2020;B10-trojkat;2045;F;25;2;23
2020;H10-bagno;2046;F;22;1;0
2020;I10-bagno;2047;F;16,5;1;15
2020;F1-trojkat;2048;F;23,5;1;6
2020;J10-trojkat;2049;M;46;1;21
2020;H10-karpaty;2076;M;38,5;1;16
2020;D10-karpaty;2077;M;33;1;0
2020;E2-karpaty;2078;F;34;1;0
2020;C8-karpaty;2078;F;28;2;0
2020;C6-karpaty;2078;F;30;3;1
2020;J10-natura;2079;M;15;1;21
2020;G2-natura;2080;F;7;1;0
2020;G2-karpaty;2081;M;34,5;1;19
2020;G2-natura;2082;F;8,5;1;2
2020;F2-karpaty;2083;M;41;1;0
2020;G3-karpaty;2084;M;30;1;17
2020;F1-karpaty;2085;M;18;1;7
2020;H7-karpaty;2086;F;25,5;1;10
2020;G1-natura;2087;M;32;1;10
2020;H4-natura;2089;F;33,5;1;27
2020;I4-natura;2089;F;33;2;38
2020;H4-natura;2089;F;33;3;36
2020;I4-natura;2089;F;33;4;40
2020;G6-natura;2089;F;30;5;42
2020;G10-natura;2091;M;23;1;23
2020;D8-trojkat;2092;M;22;1;1
2020;A8-trojkat;2092;M;20,5;2;5
2020;B7-trojkat;2092;M;24,5;3;6
2020;A8-trojkat;2092;M;23,5;4;13
2020;C10-trojkat;2093;F;19;1;13
2020;B10-trojkat;2093;F;22;2;15
2020;E1-bagno;2095;M;24;1;1
2020;E1-bagno;2095;M;25;2;12
2020;D1-bagno;2096;M;38;1;2
2020;A10-bagno;2097;F;25;1;22
2020;B10-bagno;2099;F;23,5;1;34
2020;E10-bagno;2100;M;18,5;1;26
2020;C3-bagno;2101;F;28;1;23
2020;E10-bagno;2102;F;19,5;1;11
2020;C6-bagno;2103;F;22;1;4
2020;B6-bagno;2104;F;23;1;9
2020;B10-bagno;2105;M;37;1;13
2020;C10-trojkat;2106;F;20;1;2
2020;D10-trojkat;2106;M;22,5;2;23
2020;B9-trojkat;2107;M;30,5;1;7
2020;D3-trojkat;2108;M;54;1;0
2020;F1-wally;2115;F;19;1;7
2020;I1-wally;2115;F;18;2;14
2020;F4-debowa;2123;F;25;1;19
2020;F3-debowa;2124;M;36,5;1;21
2020;I10-wally;2125;F;24,5;1;19
2020;B3-debowa;2136;F;21;1;25
2020;B3-debowa;2136;F;20;2;17
2020;G4-debowa;2137;F;18,5;1;16
2020;A3-wally;2138;M;41,5;1;22
2020;A3-wally;2138;M;41;2;20
2020;B9-trojkat;2151;F;21;1;12
2020;D8-trojkat;2152;M;38;1;2
2020;G8-trojkat;2153;M;26;1;6
2020;J10-trojkat;2154;F;20;1;23
2020;C2-trojkat;2155;M;19;1;0
2020;J4-trojkat;2156;M;10,5;1;0
2020;J5-trojkat;2156;M;17;2;27
2020;I2-trojkat;2157;F;19,5;1;26
2020;J2-trojkat;2158;F;33;1;11
2020;C5-trojkat;2159;F;28,5;1;18
2020;B6-bagno;2160;F;36;1;0
2020;A4-bagno;2161;M;29;1;5
2020;A8-bagno;2162;F;21;1;15
2020;D6-bagno;2163;M;24;1;5
2020;E8-bagno;2164;F;34;1;15
2020;E7-debowa;2169;F;34,5;1;31
2020;D8-debowa;2170;F;24;1;29
2020;C7-debowa;2172;M;18,5;1;21
2020;C8-debowa;2173;M;42,5;1;21
2020;C8-wally;2175;M;28,5;1;21
2020;C4-wally;2201;M;50;1;1
2020;B4-debowa;2211;F;34;1;24
2020;H9-debowa;2212;M;31,5;1;6
2020;H8-debowa;2213;M;41;1;29
2020;I3-karpaty;2214;M;36,5;1;26
2020;J3-karpaty;2215;M;27;1;0
2020;J4-karpaty;2216;M;37;1;0
2020;I10-karpaty;2217;F;24;1;12
2020;G5-natura;2218;F;33;1;5
2020;E8-karpaty;2221;F;31;1;7
2020;B7-karpaty;2222;M;33,5;1;24
2020;B5-karpaty;2223;F;19;1;15
2020;I6-karpaty;2224;M;28;1;1
2020;G9-karpaty;2233;M;31;1;29
2020;J10-wally;2276;M;28;1;25
2020;I6-wally;2277;M;33;1;15
2020;I5-wally;2278;M;49;1;4
2020;H9-wally;2278;M;33,5;3;22
2020;C6-wally;2280;M;36;1;28
2020;C10-wally;2282;F;23;1;20
2020;E6-wally;2283;M;22,5;1;15
2020;A10-debowa;2284;M;37;1;19
2020;A8-debowa;2285;M;44;1;27
2020;A7-debowa;2286;M;34;1;12
2020;C6-wally;2287;M;23,5;1;8
2020;A3-wally;2288;F;11;1;7
2020;H4-wally;2289;F;21;1;18
2020;D8-karpaty;2290;M;44;1;50
2020;C2-karpaty;2291;F;32;1;14
2020;C9-karpaty;2292;F;30;1;39
2020;D8-karpaty;2292;F;29;2;32
2020;C7-karpaty;2292;F;29;3;37
2020;C4-karpaty;2293;F;19;1;23
2020;C8-karpaty;2294;M;34;1;19
2020;D7-karpaty;2294;M;32;2;24
2020;A9-karpaty;2295;M;16;1;30
2020;A10-karpaty;2296;F;34;1;28
2020;C9-karpaty;2296;F;33;2;37
2020;J6-wally;2297;F;27;1;12
2020;G9-wally;2298;F;27;1;23
2020;C5-natura;2301;F;23;1;23
2020;A6-natura;2302;M;23,5;1;35
2020;H3-natura;2303;M;37;1;8
2020;H8-natura;2307;M;31;1;23
2020;A5-natura;2308;M;26;1;32
2020;H9-bagno;2310;F;25;1;17
2020;E2-bagno;2313;M;26,5;1;16
2020;C10-bagno;2314;F;23;1;1
2020;D7-natura;2319;F;27;1;36
2020;C7-natura;2343;M;20;1;17
2020;C6-natura;2343;M;22;2;15
2021;E6-karpaty;2356;M;30;1;0
2021;H9-bagno;2358;M;25;1;12
2021;B4-trojkat;2363;F;15,5;1;21
2021;J2-debowa;2364;F;17,5;1;5
2021;H2-debowa;2364;F;22;2;12
2021;I3-debowa;2364;F;31;3;18
2021;J6-debowa;2376;M;25;1;0
2020;A3-bagno;2382;M;27,5;1;30
2020;I9-trojkat;2383;F;34;1;8
2020;B5-natura;2387;F;12;1;14
2021;C4-natura;2388;F;34;1;17
2021;E1-natura;2389;M;8;1;9
2021;I3-wally;2392;F;29;1;21
2020;E4-bagno;2407;F;41;1;0
2020;E1-bagno;2407;F;33;2;1
2020;F2-bagno;2407;F;33;3;0
2020;A5-bagno;2416;M;30;1;27
2020;J4-bagno;2417;M;23;1;21
2020;A3-bagno;2420;M;27;1;25
2020;A8-trojkat;2423;F;18,5;1;7
2020;E4-bagno;2423;F;20;2;13
2021;C1-natura;2453;F;27;1;13
2021;H6-natura;2454;F;19;1;6
2021;I8-natura;2454;F;19;2;5
2021;I9-natura;2454;F;25,5;3;3
2021;B4-debowa;2455;F;29;1;18
2021;J8-debowa;2457;M;29;1;3
2021;J1-debowa;2457;M;31;2;5
2021;J1-debowa;2457;M;34;3;6
2021;J1-debowa;2457;M;33;4;6
2021;J9-debowa;2457;M;34;5;2
2021;J9-debowa;2457;M;38;6;0
2021;G10-bagno;2458;M;28;1;12
2021;J9-bagno;2458;M;27,5;2;16
2021;A7-trojkat;2458;M;27;3;15
2021;I4-trojkat;2460;F;16;1;17
2021;I4-trojkat;2460;F;18;2;21
2021;J6-bagno;2461;M;25;1;8
2021;E6-karpaty;2463;M;28;1;1
2021;H1-wally;2468;F;29;1;19
2021;D9-debowa;2469;F;23;1;32
2021;B9-debowa;2469;F;25;2;15
2021;C9-natura;2472;F;28;1;0
2021;I8-debowa;2473;M;38,5;1;13
2021;H1-debowa;2473;M;40,5;2;2
2021;H1-debowa;2473;M;44;3;10
2021;H2-debowa;2473;M;42;4;5
2021;A8-karpaty;2562;M;30;1;18
2021;J1-debowa;2608;F;32,5;1;15
2021;J1-debowa;2608;F;30;2;9
2021;J1-debowa;2608;F;35;3;10
2021;J1-debowa;2608;F;29;4;9
2021;H6-natura;2609;M;37;1;22
2021;G7-natura;2609;M;38;2;26
2021;J4-natura;2609;M;37;3;28
2021;J4-natura;2609;M;37;4;12
2021;G7-natura;2609;M;39;5;3
2021;H6-natura;2610;F;31;1;20
2021;H3-natura;2610;F;29;2;36
2021;A5-natura;2611;M;34;1;6
2021;C4-natura;2611;M;34,5;2;26
2021;I1-natura;2612;F;39,5;1;14
2021;C3-natura;2612;F;35,5;2;8
2021;E1-natura;2612;F;34;3;9
2021;F1-natura;2612;F;33;4;9
2021;F10-natura;2613;F;33;1;2
2021;I10-debowa;2615;M;32;1;29
2021;F9-debowa;2615;M;32;2;16
2021;H1-wally;2617;F;31;1;23
2021;H2-wally;2617;F;31;2;14
2021;E2-wally;2617;F;31;3;11
2021;H3-wally;2617;F;31;4;9
2021;H1-wally;2617;F;31;5;8
2021;F1-wally;2617;F;29;6;15
2021;J7-wally;2617;F;29;7;12
2021;E3-wally;2617;F;29;8;12
2021;J9-debowa;2622;F;19;1;6
2021;J7-debowa;2622;F;19;2;11
2021;H7-debowa;2622;F;28,5;3;14
2021;I7-debowa;2622;F;26;4;0
2021;J7-debowa;2622;F;26;5;2
2021;I10-debowa;2623;M;38;1;6
2021;A3-wally;2623;M;21;2;19
2021;I9-debowa;2623;M;34;3;7
2021;D4-wally;2623;M;25;4;10
2021;B3-debowa;2624;M;30;1;26
2021;G7-debowa;2624;M;29;2;17
2021;F7-karpaty;2628;M;26,5;1;23
2022;J6-karpaty;2628;M;39;2;7
2022;J5-karpaty;2628;M;36;3;20
2022;J5-karpaty;2628;M;36;4;24
2021;H8-natura;2630;M;29;1;27
2021;E4-natura;2634;M;22,5;1;1
2021;C1-karpaty;2652;M;30;1;22
2021;B8-karpaty;2652;M;31;2;28
2021;H3-wally;2654;M;30;1;28
2021;J2-natura;2656;F;36;1;33
2021;I2-natura;2656;F;35,5;2;34
2021;I2-natura;2656;F;35;3;32
2021;C1-natura;2657;M;32;1;14
2021;D3-natura;2657;M;30;2;24
2021;A9-natura;2657;M;33;3;14
2021;I10-natura;2658;F;19;1;6
2021;B10-natura;2659;M;30;1;11
2021;B9-natura;2660;M;20;1;16
2021;C8-natura;2660;M;21;2;16
2021;D7-karpaty;2661;M;29;1;22
2021;F1-karpaty;2661;M;28;2;24
2021;D4-karpaty;2662;M;24;1;11
2021;H5-karpaty;2663;M;35;1;32
2021;H2-karpaty;2664;M;25;1;24
2021;B1-karpaty;2665;F;32;1;1
2021;B4-karpaty;2666;M;35;1;16
2021;C5-karpaty;2668;M;30;1;20
2021;I4-karpaty;2669;M;21;1;26
2021;E4-karpaty;2670;M;51;1;0
2021;I2-karpaty;2671;M;27;1;20
2021;I3-natura;2673;M;32;1;26
2021;C6-natura;2674;M;13;1;17
2021;H7-natura;2675;M;22;1;25
2021;C9-natura;2675;M;22;2;15
2021;I6-natura;2677;M;38;1;31
2021;H10-natura;2681;F;19;1;24
2021;I8-debowa;2685;F;27;1;17
2021;I9-debowa;2685;F;25,5;2;15
2021;H9-debowa;2686;F;33;1;13
2021;J3-debowa;2688;F;31;1;13
2021;I2-debowa;2688;F;39;2;14
2021;A1-wally;2691;F;19;1;20
2021;H10-wally;2691;F;18,5;2;12
2021;F10-wally;2692;M;23;1;17
2021;E3-wally;2692;M;20;2;19
2021;I7-wally;2693;M;26;1;0
2021;B8-debowa;2695;F;31;1;59
2021;F9-debowa;2695;F;34;2;17
2021;E10-wally;2697;F;18,5;1;36
2021;H8-wally;2698;M;32;1;37
2021;B9-bagno;2703;M;29;1;0
2021;B2-bagno;2703;M;29;2;3
2021;A8-bagno;2703;M;30;3;1
2021;A2-bagno;2706;F;22;1;7
2021;I6-bagno;2706;F;28;2;17
2021;F1-bagno;2706;F;27;3;21
2021;J6-bagno;2706;F;26;4;22
2021;H1-trojkat;2707;M;31;1;15
2021;I7-trojkat;2708;F;35,5;1;20
2021;I1-trojkat;2709;F;23;1;18
2021;C4-trojkat;2710;F;19;1;6
2021;A5-debowa;2712;F;19;1;30
2021;A5-debowa;2712;F;20,5;2;27
2021;B4-debowa;2713;M;32;1;26
2021;A3-debowa;2713;M;32;2;26
2021;H9-debowa;2714;M;28,5;1;0
2021;F7-debowa;2714;M;36,5;2;6
2021;D9-debowa;2714;M;34,5;3;1
2021;B8-debowa;2716;M;38;1;16
2021;C8-debowa;2716;M;39;2;24
2021;C9-debowa;2716;M;41;3;21
2021;J5-wally;2717;M;31;1;6
2021;D10-wally;2718;M;30;1;2
2021;A7-wally;2718;M;31;2;21
2021;A9-wally;2718;M;34;3;26
2021;C5-bagno;2724;M;29;1;8
2021;A9-bagno;2724;M;26;2;21
2021;J4-bagno;2725;M;31;1;14
2022;D1-trojkat;2726;M;13;1;0
2022;G8-trojkat;2726;M;18;2;28
2022;F7-trojkat;2726;M;23;3;28
2022;G8-bagno;2728;M;28;1;43
2022;F9-bagno;2728;M;26;2;32
2022;I6-bagno;2728;M;29;3;26
2022;D5-bagno;2730;M;26;1;0
2022;J8-bagno;2730;M;26;2;3
2022;D8-trojkat;2731;M;25;1;17
2021;H7-natura;2732;M;19;1;8
2021;E2-bagno;2733;M;31,5;1;12
2021;B2-bagno;2733;M;32;2;2
2021;J6-bagno;2734;M;32;1;20
2021;I3-trojkat;2735;F;34;1;28
2021;I3-trojkat;2735;F;34;2;29
2021;J4-trojkat;2735;F;26;3;33
2021;F3-wally;2736;M;29;1;5
2021;J10-trojkat;2737;M;28;1;15
2021;J4-trojkat;2738;M;35;1;8
2021;F10-bagno;2739;M;31,5;1;6
2022;E9-wally;2740;M;29;1;31
2022;F10-wally;2740;M;29;2;34
2022;F10-wally;2740;M;29;3;10
2021;G3-trojkat;2741;F;38;1;0
2022;J3-wally;2750;F;25,5;1;35
2022;I4-wally;2750;F;31,5;2;53
2022;J4-wally;2750;F;29;3;29
2022;B3-bagno;2751;M;26;1;0
2022;A1-bagno;2751;M;32;2;25
2022;A3-bagno;2751;M;30;3;7
2022;J7-trojkat;2753;M;29;1;0
2022;J9-trojkat;2753;M;34;2;27
2022;J9-trojkat;2753;M;36;3;11
2022;D1-wally;2754;F;27;1;33
2022;A1-wally;2754;F;27,5;2;44
2022;C1-wally;2754;F;23,5;3;36
2022;F2-natura;2757;F;21,5;1;0
2022;J3-wally;2759;M;33;1;0
2022;B2-karpaty;2763;F;15;1;18
2022;F9-karpaty;2764;M;13;1;17
2022;H10-natura;2765;F;25;1;0
2021;F4-natura;2775;M;19,5;1;25
2022;J9-karpaty;2775;M;28;1;16
2021;J3-wally;2776;M;28;1;18
2021;J3-wally;2776;M;25;2;11
2021;H2-wally;2776;M;25;3;7
2021;G2-wally;2780;M;31;1;3
2021;J9-debowa;2783;M;28,5;1;28
2021;J4-wally;2784;M;28;1;22
2021;J4-wally;2784;M;28;2;17
2021;E2-wally;2786;M;31;1;4
2021;I9-debowa;2788;F;39,5;1;10
2021;I9-debowa;2788;F;39;2;18
2021;I9-debowa;2788;F;38;3;25
2021;I7-wally;2789;M;23;1;22
2021;E5-natura;2790;M;14,5;1;10
2021;D2-natura;2790;M;15;2;10
2021;F1-natura;2792;M;15,5;1;13
2021;F1-natura;2792;M;16;2;22
2021;F3-natura;2792;M;15;3;18
2021;J6-natura;2793;F;32;1;42
2021;J2-natura;2793;F;30;2;24
2021;J2-natura;2793;F;30;3;25
2021;J8-natura;2794;M;32;1;22
2021;J8-natura;2794;M;31,5;2;23
2021;C8-natura;2799;F;28;1;0
2021;C8-natura;2799;F;29;2;0
2021;G10-natura;2799;F;28;3;0
2021;E2-natura;2800;M;31;1;18
2021;C4-natura;2800;M;33;2;14
2022;F9-bagno;2801;M;34,5;1;0
2022;A8-karpaty;2805;M;26;1;13
2022;B4-bagno;2806;M;27;1;34
2022;J10-karpaty;2808;M;41;1;0
2022;I9-karpaty;2808;M;40;2;16
2022;G8-karpaty;2808;M;37;3;0
2022;H10-natura;2811;M;42;1;3
2022;H10-natura;2811;M;35;2;20
2022;J5-natura;2811;M;40;3;13
2022;J5-natura;2811;M;37,5;4;7
2022;H10-natura;2811;M;39,5;5;3
2022;H7-natura;2811;M;35;6;0
2022;H10-natura;2811;M;37;7;9
2022;F5-natura;2811;M;34;8;27
2022;J4-trojkat;2812;M;12;1;0
2022;A9-bagno;2813;M;28;1;6
2022;D2-bagno;2813;M;31,5;2;30
2022;A9-trojkat;2814;M;27;1;0
2022;B4-debowa;2815;F;21;1;26
2022;B3-debowa;2815;F;19;2;41
2022;D8-debowa;2816;M;38,5;1;4
2022;A9-debowa;2816;M;35;2;34
2022;C5-debowa;2816;M;38;3;15
2022;C8-debowa;2816;M;37;4;52
2022;A1-karpaty;2820;M;30,5;1;29
2022;J2-natura;2821;M;23;1;0
2022;H5-debowa;2822;F;29;1;18
2022;A5-natura;2823;M;12,5;1;0
2022;B8-debowa;2824;M;30,5;1;1
2022;J2-trojkat;2825;M;11;1;0
2022;J9-debowa;2826;M;37;1;16
2022;C1-wally;2827;M;39,5;1;12
2022;J4-wally;2828;M;18,5;1;0
2022;E4-wally;2830;M;23;1;23
2022;I9-wally;2830;M;23;2;16
2022;F8-debowa;2832;M;23,5;1;33
2022;H4-debowa;2832;M;31;2;45
2022;H4-debowa;2832;M;28;3;52
2022;J1-debowa;2833;M;30,5;1;0
2022;H1-trojkat;2834;M;36,5;1;0
2022;A1-bagno;2835;M;28;1;14
2022;A2-bagno;2835;M;33,5;2;41
2022;H2-debowa;2836;F;24;1;33
2022;C6-bagno;2837;F;23,5;1;9
2022;I9-karpaty;2838;F;36,5;1;29
2022;H10-bagno;2843;M;33,5;1;18
2022;B4-debowa;2845;M;28;1;4
2022;D2-debowa;2845;M;28,5;2;4
2022;G8-bagno;2848;M;33;1;11
2022;I9-bagno;2848;M;30;2;28
2022;E10-debowa;2851;M;32,5;1;0
2022;A10-debowa;2851;M;32,5;2;17
2022;F1-debowa;2853;F;28;1;13
2022;F1-debowa;2853;F;28;2;44
2022;H10-wally;2861;M;28,5;1;13
2022;I6-wally;2862;M;26;1;5
2022;J10-trojkat;2865;M;27,5;1;15
2022;F10-debowa;2867;M;24;1;0
2022;F10-debowa;2867;M;23;2;0
2022;G10-debowa;2868;M;33;1;26
2022;H10-debowa;2868;M;33;2;25
2022;J6-debowa;2869;M;39;1;0
2022;I7-debowa;2869;M;35;2;17
2022;J10-bagno;2870;M;21;1;27
2022;F2-debowa;2871;M;28;1;36
2022;F1-debowa;2871;M;26,5;2;23
2022;F9-debowa;2876;M;11;1;8
2022;E10-debowa;2876;F;18,5;2;19
2022;B1-wally;2877;F;13;1;3
2022;A2-wally;2877;F;19;2;26
2022;A2-wally;2877;F;17;3;21
2022;D1-wally;2877;F;26;4;16
2022;I9-wally;2878;F;24,5;1;9
2022;I9-wally;2878;F;22,5;3;20
2022;G5-wally;2879;F;27;1;29
2022;I8-wally;2880;M;11;1;13
2022;H1-wally;2881;M;15;1;25
2022;J1-wally;2881;M;21,5;2;18
2022;J1-wally;2881;M;22;3;19
2022;F3-wally;2882;F;16,5;1;22
2022;A9-wally;2884;F;29;1;17
2022;J2-natura;2885;M;33;1;24
2022;J1-natura;2885;M;35;2;42
2022;J2-natura;2885;M;34;3;48
2022;J1-natura;2885;M;34;4;52
2022;F1-natura;2885;M;34;5;37
2022;C1-natura;2886;F;15;1;14
2022;A3-natura;2886;F;14;2;16
2022;G3-natura;2886;F;23,5;3;16
2022;G5-natura;2889;M;32;1;0
2022;J9-wally;2890;M;10,5;1;16
2022;A7-debowa;2891;M;9;1;18
2022;G5-wally;2892;M;34,5;1;27
2022;I2-wally;2892;M;34,5;2;30
2022;H6-debowa;2894;F;18,5;1;12
2022;J10-karpaty;2897;M;30;1;12
2022;H10-debowa;2898;F;13,5;1;12
2022;D8-debowa;2898;F;14;2;20
2022;F8-debowa;2898;F;18,5;3;16
2022;F10-debowa;2899;M;26;1;10
2022;B7-debowa;2899;M;25,5;2;1
2022;H9-debowa;2899;M;28;3;4
2022;G8-debowa;2899;M;27;4;7
2022;E10-debowa;2899;M;28;5;7
2022;J7-debowa;2900;F;33;1;25
2022;B6-trojkat;2901;F;29;1;21
2022;C6-trojkat;2901;F;31;2;17
2022;H1-bagno;2903;F;24;1;23
2022;H1-bagno;2903;F;23;2;20
2022;H8-wally;2908;F;19;1;19
2022;I9-wally;2908;F;19;2;8
2022;J9-wally;2909;M;29,5;1;5
2022;J9-wally;2909;M;29,5;2;24
2022;I9-wally;2909;M;29,5;3;19
2022;A10-wally;2909;M;31,5;4;15
2022;D10-wally;2909;M;38;5;17
2022;C6-trojkat;2910;M;27;1;15
2022;C5-trojkat;2910;M;27;2;17
2022;G4-trojkat;2910;M;34;3;6
2022;D3-trojkat;2910;M;31;4;19
2022;B5-wally;2911;M;27;1;10
2022;F3-wally;2911;M;26;2;12
2022;G5-wally;2911;M;30;3;21
2022;G2-wally;2911;M;27,5;4;20
2022;B1-debowa;2913;M;14,5;1;19
2022;D1-debowa;2913;M;15;2;25
2022;D2-debowa;2913;M;22;3;17
2022;F1-debowa;2913;M;24,5;4;20
2022;D1-debowa;2913;M;26,5;5;18
2022;F10-debowa;2914;F;27,5;1;4
2022;F5-debowa;2914;F;25;2;34
2022;I1-debowa;2914;F;24;3;23
2022;H2-trojkat;2915;F;22;1;0
2022;G3-trojkat;2915;F;22;2;28
2022;G3-trojkat;2915;F;22;3;27
2022;G3-trojkat;2916;M;25,5;1;23
2022;G4-trojkat;2916;M;25,5;2;30
2022;G3-trojkat;2916;M;30;3;46
2022;I4-trojkat;2916;M;29;4;44
2022;F10-trojkat;2916;M;29,5;5;24
2022;J2-trojkat;2916;M;33,5;6;0
2022;A3-trojkat;2916;M;30;7;24
2022;A6-bagno;2918;M;16;1;3
2022;G8-bagno;2918;M;16;2;17
2022;J2-natura;2922;M;30;1;15
2022;J1-natura;2922;M;30;2;20
2022;J2-natura;2922;M;30,5;3;34
2022;F8-trojkat;2924;M;40,5;1;12
2022;B8-bagno;2925;M;31,5;1;22
2022;A8-bagno;2925;M;37;2;36
2022;C7-bagno;2925;M;36;3;19
2022;A10-bagno;2925;M;37,5;4;22
2022;A9-bagno;2925;M;37;5;9
2022;C3-debowa;2926;F;30;1;19
2022;J3-debowa;2926;F;33;2;25
2022;J9-debowa;2927;M;30;1;42
2022;J7-debowa;2927;M;29;2;13
2022;J6-debowa;2928;M;28;1;17
2022;J6-debowa;2928;M;29;2;31
2022;D8-debowa;2929;M;31;1;30
2022;D8-debowa;2929;M;33;2;34
2022;B10-debowa;2929;M;33;3;26
2022;C1-debowa;2929;M;31;4;25
2022;A9-debowa;2930;F;21;1;13
2022;B9-wally;2933;M;30;1;11
2022;I2-debowa;2934;M;29,5;1;9
2022;A9-debowa;2934;M;27,5;2;9
2022;J2-debowa;2935;F;17;1;10
2022;H2-debowa;2935;F;16;2;14
2022;E7-karpaty;2939;M;44;1;0
2022;E7-karpaty;2939;M;44;2;17
2022;E6-karpaty;2939;M;44,5;3;0
2022;I8-karpaty;2939;M;43,5;4;1
2022;G7-karpaty;2939;M;43;5;0
2022;B6-karpaty;2939;M;44;6;4
2022;C10-karpaty;2939;M;43;7;4
2022;J1-wally;2940;F;18,5;1;1
2022;A7-wally;2940;F;16;2;17
2022;E5-wally;2942;M;28;1;11
2022;J6-wally;2946;M;26;1;21
2022;I2-wally;2946;M;26,5;2;30
2022;H3-wally;2946;M;26;3;22
2022;C4-wally;2946;M;26,5;4;17
2022;E4-wally;2946;M;28;5;11
2022;I2-wally;2946;M;30,5;6;16
2022;A2-wally;2947;M;34;1;25
2022;A10-wally;2947;M;36;2;63
2022;C1-wally;2947;M;35;3;27
2022;A8-wally;2947;M;36,5;4;36
2022;B8-wally;2947;M;36,5;5;48
2022;H5-wally;2948;M;7;1;1
2022;F6-wally;2948;M;17;2;10
2022;F3-debowa;2950;F;16;1;3
2022;J9-trojkat;2954;F;20,5;1;13
2022;J6-trojkat;2954;F;18,5;2;33
2022;J6-trojkat;2954;F;29,5;3;22
2022;B3-natura;2957;M;32,5;1;6
2022;A4-natura;2957;M;32;2;19
2022;D3-natura;2957;M;32;3;15
2022;B3-natura;2957;M;31;4;6
2022;G2-karpaty;2961;M;27;1;11
2022;H3-wally;2964;M;13;1;12
2022;G5-wally;2964;F;13,5;2;13
2022;I1-wally;2964;F;17;3;9
2022;I3-wally;2964;F;16,5;4;8
2022;J1-wally;2964;F;24,5;5;11
2022;J7-trojkat;2966;M;28,5;1;0
2022;J7-trojkat;2966;M;29;2;26
2022;J1-debowa;2970;M;43;1;0
2022;C1-debowa;2970;M;46,5;2;8
2022;J1-debowa;2970;M;46,5;3;9
2022;I1-debowa;2970;M;41;4;10
2022;I2-debowa;2970;M;45;5;2
2022;J1-debowa;2970;M;41;6;0
2022;J4-debowa;2970;M;44;7;0
2022;J9-debowa;2972;M;29;1;19
2022;G10-debowa;2972;M;28;2;14
2022;I5-debowa;2972;M;27;3;14
2022;I6-debowa;2972;M;36;4;2
2022;J10-trojkat;2973;F;23;1;19
2022;H9-trojkat;2973;F;22;2;25
2022;H3-wally;2975;M;36;1;23
2022;H1-wally;2975;M;36;2;27
2022;E3-wally;2975;M;34;3;37
2022;J5-wally;2977;F;10,5;1;16
2022;G2-wally;2977;M;16;2;30
2022;F3-wally;2978;F;27;1;20
2022;H3-wally;2978;F;26;2;32
2022;G2-wally;2978;F;25;3;34
2022;F3-wally;2978;F;24;4;36
2022;G3-wally;2978;F;27;5;30
2022;H3-wally;2978;F;23,5;6;20
2022;H2-wally;2978;F;32,5;7;37
2022;C1-trojkat;2979;F;26;1;0
2022;C4-natura;2980;M;27;1;19
2022;C4-natura;2980;M;30;2;4
2022;C8-natura;2980;M;32;3;3
2022;D7-natura;2980;M;32;4;26
2022;B4-natura;2980;M;34;5;0
2022;A5-natura;2980;M;34,5;6;7
2022;F3-natura;2980;M;32;7;0
2022;H1-natura;2981;F;31;1;9
2022;H1-natura;2981;F;31;2;25
2022;E1-natura;2981;F;28;3;14
2022;F1-natura;2981;F;33;4;18
2022;C5-trojkat;2984;F;13;1;4
2022;I8-trojkat;2985;M;34,5;1;0
2022;I9-trojkat;2985;M;30;2;23
2022;I5-trojkat;2986;F;18;1;0
2022;H2-karpaty;2987;M;24;1;0
2022;D6-karpaty;2987;M;27,5;2;10
2022;D1-karpaty;2987;M;27;3;0
2022;G1-karpaty;2987;M;27,5;4;27
2022;B1-karpaty;2987;M;27,5;5;8
2022;A4-karpaty;2987;M;31;6;16
2022;C7-karpaty;2988;M;30;1;0
2022;E9-natura;2989;F;21;1;23
2022;A6-trojkat;2990;M;13;1;14
2022;B6-trojkat;2990;M;21;2;20
2022;J10-karpaty;2991;F;21;1;30
2022;E3-natura;2992;F;19,5;1;0
2022;F8-bagno;2993;M;14,5;1;12
2022;F8-bagno;2993;M;21;2;19
2022;B4-bagno;2993;M;25;3;22
2022;J6-bagno;2993;M;28,5;4;22
2022;A6-bagno;2994;F;32;1;0
2022;A9-bagno;2994;F;29,5;2;20
2022;F8-natura;2995;M;26;1;0
2022;J9-natura;2995;M;30;2;0
2022;H10-natura;2995;M;32;3;0
2022;I7-natura;2995;M;33;4;0
2022;I7-trojkat;2996;M;29;1;0
2022;J10-trojkat;2996;M;27;2;21
2022;J9-trojkat;2996;M;32;3;23
2022;J9-trojkat;2996;M;29;4;42
2022;B4-trojkat;2997;M;12;1;0
2022;A8-trojkat;2997;M;13;2;14
2022;D9-trojkat;2997;M;20,5;3;20
2022;A10-trojkat;2997;M;19;4;27
2022;I9-natura;2998;F;28,5;1;27
2022;B10-trojkat;2999;M;32;1;30
2022;B6-trojkat;2999;M;29,5;2;31
2022;B7-trojkat;3000;M;15;1;0
2022;A7-trojkat;3000;M;22;2;16
2022;A7-trojkat;3000;M;23;3;26
2022;E6-debowa;3001;F;30;1;23
2022;B4-debowa;3002;M;25,5;1;11
2022;G1-debowa;3006;M;28,5;1;9
2022;I10-wally;3007;F;18;1;10
2022;H8-wally;3008;F;26,5;1;19
2022;H8-wally;3008;F;26;2;15
2022;J3-wally;3009;M;31,5;1;0
2022;J9-wally;3010;M;28;1;30
2022;J7-wally;3011;F;18,5;1;11
2022;I6-wally;3012;M;27,5;1;0
2022;H5-wally;3012;M;29,5;2;0
2022;B10-wally;3015;M;25;1;45
2022;E8-wally;3016;M;25,5;1;40
2022;C8-wally;3017;F;20,5;1;49
2022;J6-wally;3022;M;37;1;0
2022;B1-debowa;3025;M;29;1;8
2022;D1-debowa;3025;M;29;2;34
2022;B1-debowa;3029;M;30;1;0
2022;G10-debowa;3030;M;37,5;1;23
2022;J2-debowa;3031;M;31;1;37
2022;J1-debowa;3032;F;19,5;1;22
2022;I5-debowa;3035;M;29;1;0
2022;I8-debowa;3036;M;32;1;11
2022;H8-debowa;3036;M;30,5;2;8
2022;J10-debowa;3036;M;32;3;2
2022;I7-debowa;3036;M;32;4;15
2022;G8-debowa;3036;M;30;5;3
2022;J5-debowa;3037;F;26,5;1;0
2022;B8-debowa;3038;M;26;1;20
2022;B8-wally;3040;F;21,5;1;25
2022;A10-wally;3041;M;34;1;18
2022;A10-wally;3041;M;34;2;23
2022;I10-wally;3042;M;34,5;1;29
2022;C3-wally;3043;M;29;1;25
2022;A3-wally;3043;M;27,5;2;21
2022;H1-wally;3044;F;23;1;8
2022;C4-wally;3045;F;31;1;9
2022;B4-wally;3045;F;31;2;12
2022;E10-debowa;3051;M;27;1;28
2022;E3-debowa;3053;M;22,5;1;0
2022;G6-debowa;3054;F;24;1;29
2022;H5-debowa;3056;F;20;1;5
2022;I6-wally;3057;F;22;1;11
2022;I10-wally;3063;M;27;1;10
2022;J1-wally;3064;M;28,5;1;13
2022;D8-wally;3065;F;20;1;20
2022;A4-karpaty;3067;M;21,5;1;28
2022;A5-karpaty;3067;M;24;2;21
2022;C9-karpaty;3069;F;27;1;0
2022;B8-karpaty;3069;F;26,5;2;13
2022;F4-karpaty;3070;M;30;1;0
2022;F4-karpaty;3070;M;32,5;2;0
2022;A5-natura;3072;F;26;1;1
2022;A4-natura;3072;F;26,5;2;0
2022;G1-natura;3073;M;28;1;11
2022;F3-natura;3073;M;26;2;8
2022;J3-natura;3074;M;27,5;1;7
2022;I2-natura;3074;M;30,5;2;0
2022;J1-natura;3075;F;24,5;1;14
2022;J2-natura;3075;F;23,5;2;31
2022;D9-karpaty;3076;M;31;1;16
2022;H9-natura;3077;F;35;1;17
2022;G8-karpaty;3078;M;32;1;27
2022;B1-natura;3079;F;31;1;0
2022;D2-natura;3080;M;17;1;23
2022;C9-natura;3080;M;17,5;2;48
2022;B9-natura;3081;M;30;1;29
2022;B9-natura;3081;M;30;2;24
2022;H5-karpaty;3083;F;27;1;14
2022;C7-karpaty;3084;M;38;1;25
2022;F1-karpaty;3085;M;31;1;0
2022;F8-natura;3086;F;26;1;0
2022;J2-natura;3087;M;35;1;16
2022;J2-natura;3087;M;34;2;22
2022;A8-natura;3088;M;26;1;0
2022;E1-natura;3089;M;24;1;0
2022;D1-natura;3089;M;23;2;22
2022;E10-natura;3092;M;27;1;17
2022;F8-karpaty;3095;F;14;1;10
2022;J4-natura;3096;M;28;1;0
2022;I5-natura;3096;M;28,5;2;0
2022;B10-karpaty;3097;F;27;1;18
2022;G3-karpaty;3098;F;26,5;1;8
2022;G5-karpaty;3098;F;29;2;34
2022;F8-natura;3100;M;25;1;0
2022;A6-natura;3100;M;26,5;2;14
2022;H1-karpaty;3101;F;26;1;0
2022;I5-karpaty;3102;M;32;1;39
2022;J10-natura;3103;M;25;1;0
2022;J4-natura;3104;M;25;1;0
2022;C9-karpaty;3106;M;35;1;36
2022;J9-karpaty;3108;M;32;1;24
2022;D10-bagno;3109;F;23;1;0
2022;F3-trojkat;3112;M;24;1;19
2022;G2-trojkat;3112;M;24;2;39
2022;B6-trojkat;3114;M;32;1;3
2022;G7-trojkat;3115;M;31;1;21
2022;G2-trojkat;3117;F;22;1;0
2022;H2-bagno;3118;M;31;1;1
2022;E9-karpaty;3120;M;39;1;6
2022;H2-karpaty;3121;M;30;1;2
2022;J8-karpaty;3123;M;28;1;0
2022;I8-karpaty;3124;M;36,5;1;1
2022;J3-karpaty;3126;M;24;1;18
2022;J5-bagno;3130;M;29;1;7
2022;G2-natura;3132;F;16,5;1;0
2022;B8-bagno;3133;M;34;1;0
2022;A10-trojkat;3134;M;20;1;7
2022;G2-bagno;3136;F;19,5;1;0
2022;G10-bagno;3137;M;34;1;0
2022;H9-trojkat;3138;F;13;1;3
2022;G2-trojkat;3140;M;28;1;0
2022;J8-bagno;3147;M;32;1;0
2022;D2-bagno;3148;F;26;1;0
2020;I6-debowa;181a;M;44;1;26
2020;C6-karpaty;198a;F;14,5;1;13
2020;E2-bagno;2098a;M;37,5;1;13
2020;F8-trojkat;240a;F;10;1;3
2020;H6-bagno;241a;F;27;1;25
2020;B2-wally;432b;M;50;1;33
2020;A7-trojkat;X0015;M;43;1;24
2020;E2-trojkat;X0015;M;43;2;23
2020;G5-trojkat;X0015;M;42,5;3;14
2020;F3-trojkat;X0015;M;43;4;10
2020;F2-trojkat;X0015;M;42;5;6
2020;C10-natura;X0086;M;43;1;43
2020;G8-natura;X0086;M;41;2;35
2020;G7-natura;X0086;M;41;3;25
2020;D8-natura;X0086;M;41;4;15
2020;F4-natura;X0103;F;33,5;1;29
2020;F1-natura;X0103;F;33,5;2;30
2020;F2-natura;X0103;F;33,5;3;10
2020;E4-natura;X0103;F;34;4;14
2020;G2-natura;X0103;F;33,5;5;31
2020;F2-natura;X0103;F;34;6;30
2020;E3-natura;X0103;F;32;7;13
2020;H1-natura;X0103;F;32;8;10
2020;D5-natura;X0103;F;35,5;9;39
2020;G1-natura;X0131;M;41;1;15
2020;A1-natura;X0131;M;40;2;14
2020;E1-natura;X0131;M;35;3;13
2020;H10-natura;X0152;F;32;1;25
2020;G8-natura;X0152;F;34,5;2;14
2020;H8-natura;X0152;F;29;3;0
2020;G8-debowa;X0164;M;48;1;14
2020;C1-natura;X018;F;36;1;17
2020;A4-natura;X018;F;38;2;12
2020;C5-natura;X018;F;38;3;3
2020;J5-debowa;X0181;M;45,5;1;18
2020;J7-natura;X0202;F;25;1;23
2020;A10-karpaty;X0380;F;35,5;1;28
2020;B10-karpaty;X0380;F;38;2;15
2020;B10-karpaty;X0380;F;36;3;12
2020;C10-karpaty;X0380;F;36;4;15
2020;B7-trojkat;X0392;F;30;1;25
2020;B7-trojkat;X0392;F;27;2;30
2020;C2-trojkat;X0392;F;30;3;22
2020;A10-trojkat;X0392;F;29,5;4;21
2020;A10-trojkat;X0392;F;29;5;6
2020;A10-natura;X0474;F;31,5;1;22
2020;G9-trojkat;X0477;M;45;1;4
2020;J4-trojkat;X0477;M;41;2;10
2020;J4-trojkat;X0477;M;41,5;3;16
2020;J4-trojkat;X0477;M;40;4;9
2020;F10-trojkat;X0477;M;40,5;5;1
2020;I6-trojkat;X0477;M;45;6;1
2020;F5-bagno;X0477;M;39;8;16
2020;J9-natura;X0499;M;38;1;40
2020;G7-natura;X0499;M;38;2;22
2020;I6-natura;X0499;M;38;3;15
2020;I9-natura;X0499;M;40;4;21
2020;H6-natura;X0499;M;38;5;28
2020;C6-natura;X050;M;43;1;19
2020;D4-natura;X050;M;47;2;20
2020;C4-natura;X050;M;45;3;20
2020;A3-natura;X050;M;46;4;19
2020;C7-natura;X050;M;44;5;16
2020;C5-natura;X050;M;46,5;6;17
2020;F6-natura;X050;M;46;7;17
2020;D3-natura;X0582;M;39,5;1;30
2020;D4-natura;X0582;M;42;2;21
2020;E4-natura;X0582;M;39;3;23
2020;G2-natura;X0582;M;38;4;21
2020;H10-natura;X0612;M;40,5;1;21
2020;I10-natura;X0612;M;41;2;12
2020;F10-natura;X0612;M;40,5;3;5
2020;C5-wally;X0620;M;42;1;0
2020;C6-wally;X0620;M;38;2;6
2020;A6-wally;X0620;M;40;3;12
2020;A5-wally;X0620;M;40;4;7
2020;E6-debowa;X0626;M;49,5;1;33
2020;G5-debowa;X0626;M;48;2;20
2020;G6-debowa;X0626;M;50;3;13
2020;G4-wally;X0652;F;39;1;18
2020;G3-wally;X0652;F;42;2;20
2020;H8-wally;X0662;M;49;1;11
2020;I4-wally;X0708;M;49;1;11
2020;I5-wally;X0708;M;48;2;13
2020;I7-wally;X0730;F;33,5;1;7
2020;A2-bagno;X0802;F;34;1;5
2020;B2-bagno;X0802;F;36;2;60
2020;A3-bagno;X0802;F;36;3;25
2020;B2-bagno;X0802;F;37;4;22
2020;A1-bagno;X0802;F;40;5;19
2020;B10-trojkat;X0845;F;35,5;1;30
2020;D10-trojkat;X0845;F;43;2;10
2020;A7-trojkat;x0848;M;44;1;26
2020;D5-wally;X0853;F;37;1;29
2020;A1-karpaty;X0944;F;34;1;18
2020;C1-karpaty;X0944;F;34;2;21
2020;C1-karpaty;X0944;F;35;3;21
2020;B2-karpaty;X0944;F;35,5;4;7
2020;B1-karpaty;X0944;F;32;5;11
2020;B2-karpaty;X0944;F;32;6;12
2020;B2-karpaty;X0944;F;34;7;16
2020;B1-karpaty;X0944;F;32;8;22
2020;B2-karpaty;X0944;F;31;9;10
2020;A2-karpaty;X0944;F;36;10;2
2020;B2-karpaty;X0944;F;39,5;11;18
2020;G2-bagno;X0971;M;25,5;1;6
2020;E1-bagno;X0971;M;27;2;1
2020;F2-bagno;X0971;M;27;3;6
2020;J5-bagno;X0971;M;32;4;1
2020;J1-bagno;X0971;M;30;5;16
2020;B2-debowa;X143;M;26;1;29
2020;G4-bagno;X1741;F;35;1;12
2020;J3-bagno;X1741;F;35,5;2;0
2020;J5-bagno;X1741;F;34,5;3;10
2020;H1-bagno;X1741;F;37;4;0
2020;J5-bagno;X1741;F;36;5;0
2020;B3-bagno;X1741;F;34;6;0
2020;J10-bagno;X1741;F;36;7;3
2020;H6-bagno;X1741;F;35;8;3
